{"stat.pickup.minecraft.wooden_slab":169,"stat.pickup.storagebox.storagebox":68,"stat.leaveGame":8,"stat.killEntity.PigZombie":133,"stat.entityKilledBy.PigZombie":1,"stat.pickup.minecraft.rotten_flesh":517,"stat.craftItem.minecraft.stone_axe":2,"stat.killEntity.twilightforest.raven":1,"stat.pickup.minecraft.bucket":1,"stat.killEntity.Enderman":7,"stat.mineBlock.minecraft.wooden_slab":26,"stat.pickup.flammpfeil.slashblade.slashbladenamed":4,"stat.craftItem.minecraft.iron_shovel":4,"stat.killEntity.Witch":2,"stat.mineBlock.openblocks.grave":10,"stat.pickup.twilightforest.cicada":7,"stat.useItem.minecraft.iron_pickaxe":782,"stat.craftItem.minecraft.wooden_pickaxe":1,"stat.useItem.minecraft.iron_shovel":834,"stat.drop.storagebox.storagebox":3,"stat.craftItem.minecraft.bed":5,"stat.craftItem.minecraft.glass_pane":144,"stat.pickup.twilightforest.twilight_oak_slab":2,"stat.breakItem.flammpfeil.slashblade.slashbladenamed":1,"stat.furnaceInteraction":167,"stat.killEntity.ZombieVillager":6,"stat.pickup.ironbackpacks.upgrade":1,"stat.pickup.minecraft.nether_brick":8,"stat.useItem.flammpfeil.slashblade.slashbladenamed":162,"stat.pickup.minecraft.beef":37,"stat.useItem.minecraft.fence":40,"stat.mineBlock.minecraft.fence":7,"stat.useItem.minecraft.wheat_seeds":18,"stat.breakItem.flammpfeil.slashblade.slashblade":30,"stat.deaths":10,"stat.pickup.minecraft.egg":38,"stat.craftItem.minecraft.iron_pickaxe":5,"stat.pickup.minecraft.glass_pane":2,"stat.mineBlock.minecraft.tallgrass":379,"stat.craftItem.minecraft.cooked_mutton":2,"stat.chestOpened":683,"stat.useItem.minecraft.stone":426,"stat.pickup.minecraft.arrow":87,"stat.pickup.minecraft.iron_sword":3,"stat.killEntity.Ghast":3,"stat.pickup.minecraft.gold_nugget":82,"stat.craftItem.minecraft.coal":37,"stat.pickup.minecraft.carrot":39,"stat.crouchOneCm":65902,"stat.mineBlock.minecraft.chest":12,"stat.craftItem.minecraft.iron_ingot":1206,"stat.pickup.minecraft.painting":1,"stat.craftItem.minecraft.hopper":5,"stat.craftingTableInteraction":181,"stat.pickup.minecraft.wooden_pickaxe":4,"stat.craftItem.minecraft.wooden_sword":6,"stat.pickup.minecraft.dye":857,"stat.pickup.minecraft.planks":402,"stat.craftItem.minecraft.diamond_shovel":1,"stat.pickup.minecraft.wheat_seeds":458,"stat.mineBlock.minecraft.glass":3,"stat.mineBlock.minecraft.dirt":27859,"stat.useItem.minecraft.bread":3,"stat.craftItem.flammpfeil.slashblade.slashbladenamed":1,"stat.useItem.minecraft.cobblestone":21,"stat.mineBlock.minecraft.double_plant":32,"stat.pickup.minecraft.iron_pickaxe":7,"stat.craftItem.minecraft.gold_ingot":185,"stat.pickup.minecraft.chicken":11,"stat.pickup.minecraft.apple":61,"stat.useItem.minecraft.glass_pane":136,"stat.mineBlock.twilightforest.twilight_leaves":1,"stat.pickup.minecraft.coal_block":4,"stat.craftItem.minecraft.planks":3255,"stat.useItem.minecraft.iron_sword":138,"stat.itemEnchanted":2,"stat.craftItem.twilightforest.twilight_oak_slab":132,"stat.pickup.minecraft.stone_sword":1,"stat.useItem.twilightforest.raw_venison":3,"stat.pickup.minecraft.book":141,"stat.mineBlock.minecraft.log":1099,"stat.craftItem.minecraft.wooden_door":6,"stat.useItem.minecraft.wooden_door":5,"stat.craftItem.minecraft.paper":3,"stat.pickup.minecraft.red_flower":82,"stat.pickup.minecraft.wool":68,"stat.useItem.minecraft.wooden_axe":47,"stat.useItem.twilightforest.twilight_log":6,"stat.craftItem.twilightforest.canopy_planks":20,"stat.useItem.flammpfeil.slashblade.slashblade":3204,"stat.useItem.minecraft.iron_axe":266,"stat.craftItem.reversecraft.reversecraft_block":1,"stat.mineBlock.minecraft.cobblestone":32,"stat.pickup.minecraft.stone_pickaxe":1,"stat.pickup.minecraft.flint":260,"stat.useItem.storagebox.storagebox":4463,"stat.mineBlock.minecraft.yellow_flower":2,"stat.craftItem.minecraft.wool":11,"stat.craftItem.flammpfeil.slashblade.slashbladewrapper":2,"stat.useItem.minecraft.stone_slab2":128,"stat.pickup.minecraft.bow":8,"stat.pickup.minecraft.iron_boots":8,"stat.craftItem.minecraft.furnace":2,"stat.craftItem.minecraft.lapis_block":2,"stat.useItem.minecraft.egg":122,"stat.craftItem.minecraft.iron_boots":2,"stat.pickup.minecraft.coal_ore":184,"stat.craftItem.minecraft.cooked_beef":23,"stat.mineBlock.minecraft.obsidian":149,"stat.pickup.minecraft.shears":3,"stat.flyOneCm":1320654,"stat.timeSinceDeath":62356,"stat.pickup.twilightforest.twilight_sapling":4,"stat.useItem.minecraft.wooden_slab":592,"stat.pickup.twilightforest.naga_scale":4,"stat.mineBlock.minecraft.coal_ore":1498,"stat.killEntity.Creeper":9,"stat.pickup.minecraft.string":33,"stat.mineBlock.minecraft.ladder":1,"stat.useItem.minecraft.milk_bucket":4,"stat.pickup.minecraft.birch_stairs":41,"stat.sprintOneCm":825433,"stat.useItem.minecraft.diamond_shovel":1515,"stat.craftItem.minecraft.wooden_axe":1,"stat.mineBlock.minecraft.diamond_ore":14,"stat.craftItem.minecraft.wooden_pressure_plate":14,"stat.pickup.minecraft.sugar":2,"stat.craftItem.minecraft.golden_sword":5,"stat.pickup.flammpfeil.slashblade.slashbladewood":1,"stat.useItem.minecraft.ladder":6,"stat.killEntity.Zombie":124,"stat.craftItem.minecraft.dye":20,"stat.useItem.minecraft.birch_stairs":250,"stat.mineBlock.minecraft.gold_ore":112,"stat.diveOneCm":71125,"stat.drop.twilightforest.firefly":1,"stat.pickup.minecraft.wheat":16,"stat.craftItem.ironbackpacks.backpack":6,"stat.craftItem.minecraft.ladder":6,"stat.pickup.minecraft.sign":3,"stat.craftItem.minecraft.cooked_porkchop":37,"stat.pickup.minecraft.stone_axe":1,"stat.pickup.minecraft.obsidian":323,"stat.useItem.minecraft.rotten_flesh":18,"stat.jump":7171,"stat.pickup.minecraft.coal":1425,"stat.pickup.minecraft.iron_ingot":1614,"stat.pickup.minecraft.gunpowder":60,"stat.craftItem.minecraft.torch":292,"stat.pickup.minecraft.dirt":73,"stat.drop.minecraft.iron_shovel":1,"stat.useItem.minecraft.glass":29,"stat.pickup.minecraft.stone_shovel":16,"stat.pickup.minecraft.gold_ore":117,"stat.mineBlock.minecraft.lapis_ore":21,"stat.pickup.minecraft.iron_axe":8,"stat.mineBlock.minecraft.glass_pane":3,"stat.damageTaken":9630,"stat.pickup.twilightforest.firefly":8,"stat.mineBlock.minecraft.torch":29,"stat.mineBlock.minecraft.red_flower":1,"stat.pickup.minecraft.bed":11,"stat.entityKilledBy.Zombie":1,"stat.pickup.minecraft.rabbit_hide":1,"stat.mineBlock.twilightforest.root":10,"stat.animalsBred":19,"stat.useItem.minecraft.chest":15,"stat.pickup.twilightforest.naga_stone":2,"stat.pickup.minecraft.diamond_pickaxe":8,"stat.craftItem.multipagechest.multipagechest":1,"stat.craftItem.minecraft.iron_chestplate":2,"stat.pickup.minecraft.ender_pearl":4,"stat.pickup.minecraft.ladder":5,"stat.pickup.minecraft.cooked_beef":15,"stat.mineBlock.minecraft.stonebrick":5,"stat.killEntity.twilightforest.bighorn_sheep":6,"stat.mineBlock.minecraft.glowstone":159,"stat.pickup.twilightforest.raw_venison":3,"stat.mobKills":487,"stat.craftItem.minecraft.shears":2,"stat.pickup.minecraft.diamond":75,"stat.pickup.minecraft.torch":123,"stat.drop.minecraft.diamond_shovel":1,"stat.pickup.flammpfeil.slashblade.slashbladewrapper":2,"stat.craftItem.minecraft.iron_axe":8,"stat.mineBlock.twilightforest.twilight_plant":4,"stat.killEntity.Blaze":2,"stat.useItem.minecraft.planks":623,"stat.pickup.minecraft.glowstone_dust":487,"stat.pickup.minecraft.porkchop":56,"stat.useItem.flammpfeil.slashblade.slashbladewhite":134,"stat.pickup.minecraft.glass":38,"stat.breakItem.flammpfeil.slashblade.slashbladewhite":2,"stat.mineBlock.minecraft.red_mushroom":1,"stat.pickup.minecraft.sand":383,"stat.pickup.flammpfeil.slashblade.slashbladebamboolight":1,"stat.pickup.minecraft.wooden_hoe":1,"stat.mineBlock.twilightforest.twilight_log":1397,"stat.craftItem.minecraft.stone_sword":1,"stat.useItem.minecraft.ender_pearl":1,"stat.mineBlock.minecraft.sand":234,"stat.killEntity.twilightforest.kobold":16,"stat.hopperInspected":1,"stat.killEntity.twilightforest.skeleton_druid":3,"stat.pickup.minecraft.ghast_tear":1,"stat.useItem.minecraft.oak_stairs":315,"stat.mineBlock.minecraft.birch_stairs":31,"stat.useItem.minecraft.cooked_mutton":2,"stat.pickup.minecraft.iron_chestplate":10,"stat.useItem.minecraft.stone_stairs":11,"stat.pickup.minecraft.skull":1,"stat.pickup.minecraft.stone_stairs":12,"stat.craftItem.minecraft.fence_gate":2,"stat.pickup.twilightforest.raven_feather":2,"stat.useItem.minecraft.hopper":3,"stat.mineBlock.minecraft.soul_sand":1190,"stat.mineBlock.minecraft.oak_stairs":29,"stat.playOneMinute":772397,"stat.pickup.minecraft.blaze_rod":1,"stat.pickup.twilightforest.twilight_oak_planks":160,"stat.useItem.minecraft.shears":5,"stat.pickup.minecraft.netherrack":191,"stat.craftItem.minecraft.carpet":6,"stat.mineBlock.minecraft.netherrack":138,"stat.pickup.twilightforest.etched_nagastone":2,"stat.fallOneCm":162005,"stat.craftItem.minecraft.chest":179,"stat.pickup.minecraft.red_mushroom":9,"stat.useItem.minecraft.iron_hoe":18,"stat.pickup.minecraft.feather":16,"stat.drop.minecraft.bone":2,"stat.pickup.minecraft.iron_leggings":9,"stat.mineBlock.minecraft.gravel":1137,"stat.useItem.minecraft.stone_pickaxe":83,"stat.craftItem.minecraft.birch_stairs":236,"stat.useItem.minecraft.stone_sword":116,"stat.craftItem.minecraft.iron_leggings":2,"stat.useItem.minecraft.wool":4,"stat.craftItem.minecraft.oak_stairs":336,"stat.pickup.minecraft.redstone_ore":28,"stat.drop.minecraft.iron_axe":1,"stat.useItem.minecraft.torch":263,"stat.pickup.minecraft.golden_apple":1,"stat.pickup.flammpfeil.slashblade.proudsoul":361,"stat.craftItem.minecraft.stone_stairs":8,"stat.pickup.minecraft.crafting_table":12,"stat.useItem.minecraft.log":585,"stat.craftItem.minecraft.crafting_table":7,"stat.killEntity.LavaSlime":5,"stat.pickup.minecraft.iron_hoe":4,"stat.pickup.minecraft.log":2127,"stat.craftItem.twilightforest.twilight_oak_planks":392,"stat.killEntity.twilightforest.squirrel":4,"stat.pickup.minecraft.sapling":756,"stat.entityKilledBy.Enderman":1,"stat.useItem.minecraft.wooden_pressure_plate":9,"stat.pickup.minecraft.golden_sword":19,"stat.craftItem.minecraft.cooked_chicken":1,"stat.sneakTime":23507,"stat.pickup.minecraft.rabbit":1,"stat.pickup.minecraft.yellow_flower":45,"stat.pickup.minecraft.chest":21,"stat.pickup.minecraft.bone":67,"stat.swimOneCm":60117,"stat.climbOneCm":67111,"stat.craftItem.ironbackpacks.upgrade":1,"stat.useItem.minecraft.dirt":11,"stat.craftItem.minecraft.stone_pickaxe":1,"stat.pickup.minecraft.cobblestone":501,"stat.useItem.minecraft.stone_shovel":263,"stat.pickup.minecraft.soul_sand":1171,"stat.pickup.minecraft.glass_bottle":7,"stat.craftItem.minecraft.wooden_slab":690,"stat.useItem.minecraft.cooked_beef":29,"stat.pickup.minecraft.redstone":848,"stat.mineBlock.minecraft.iron_ore":651,"stat.pickup.twilightforest.glass_sword":1,"stat.useItem.minecraft.sign":1,"stat.pickup.minecraft.mutton":12,"stat.pickup.minecraft.wooden_axe":1,"stat.pickup.minecraft.stonebrick":7,"stat.useItem.minecraft.cooked_porkchop":45,"stat.pickup.minecraft.iron_shovel":7,"stat.pickup.minecraft.carpet":7,"stat.pickup.minecraft.diamond_shovel":4,"stat.mineBlock.minecraft.nether_brick":4,"stat.craftItem.minecraft.stone_slab2":0,"stat.pickup.minecraft.paper":32,"stat.craftItem.minecraft.stick":216,"stat.craftItem.minecraft.stone":448,"stat.mineBlock.minecraft.crafting_table":9,"stat.useItem.minecraft.diamond_pickaxe":1921,"stat.useItem.minecraft.carrot":1,"stat.useItem.minecraft.bucket":1,"stat.entityKilledBy.Creeper":1,"stat.useItem.flammpfeil.slashblade.slashbladewood":223,"stat.mineBlock.minecraft.planks":232,"stat.drop":9,"stat.pickup.minecraft.slime_ball":14,"stat.craftItem.minecraft.diamond_pickaxe":1,"stat.pickup.minecraft.gravel":983,"stat.killEntity.Slime":1,"stat.useItem.minecraft.apple":32,"stat.useItem.minecraft.carpet":4,"stat.pickup.twilightforest.torchberries":13,"stat.pickup.minecraft.fence":61,"stat.pickup.minecraft.iron_helmet":7,"stat.useItem.twilightforest.twilight_oak_slab":22,"stat.craftItem.flammpfeil.slashblade.slashbladewood":7,"stat.useItem.minecraft.stone_axe":262,"stat.craftItem.minecraft.bread":7,"stat.pickup.minecraft.spider_eye":29,"stat.craftItem.minecraft.iron_helmet":2,"stat.useItem.minecraft.cooked_chicken":1,"stat.pickup.minecraft.iron_ore":726,"stat.mineBlock.minecraft.stone_stairs":12,"stat.pickup.minecraft.leather":31,"stat.useItem.minecraft.wooden_pickaxe":9,"stat.pickup.minecraft.reeds":42,"stat.pickup.minecraft.oak_stairs":39,"stat.damageDealt":43996,"stat.craftItem.minecraft.glass":105,"stat.sleepInBed":4,"stat.pickup.twilightforest.twilight_log":1009,"stat.craftItem.flammpfeil.slashblade.slashbladewhite":5,"stat.killEntity.Cow":14,"stat.killEntity.Pig":11,"stat.craftItem.minecraft.iron_sword":1,"stat.craftItem.minecraft.stone_shovel":2,"stat.walkOneCm":3573502,"stat.craftItem.flammpfeil.slashblade.slashblade":78,"stat.pickup.minecraft.stick":76,"stat.pickup.openblocks.info_book":6,"stat.pickup.minecraft.stone":1467,"stat.mineBlock.minecraft.wool":6,"stat.killEntity.twilightforest.deer":1,"stat.pickup.minecraft.air":0,"stat.craftItem.storagebox.storagebox":18,"stat.pickup.minecraft.gold_ingot":346,"stat.killEntity.Skeleton":40,"stat.pickup.ironbackpacks.backpack":9,"stat.entityKilledBy.twilightforest.skeleton_druid":1,"stat.killEntity.Chicken":33,"stat.killEntity.Spider":21,"stat.mineBlock.minecraft.quartz_ore":190,"stat.pickup.minecraft.bread":6,"stat.pickup.minecraft.quartz":326,"stat.craftItem.minecraft.fence":39,"stat.pickup.minecraft.water_bucket":2,"stat.mineBlock.minecraft.leaves":11860,"stat.mineBlock.minecraft.redstone_ore":248,"stat.craftItem.minecraft.coal_block":4,"stat.mineBlock.minecraft.stone":32260}