{"stat.useItem.minecraft.bow":5,"stat.useItem.minecraft.painting":1,"stat.pickup.minecraft.wooden_slab":1,"stat.leaveGame":7,"stat.useItem.flammpfeil.slashblade.slashbladewrapper":3,"stat.useItem.minecraft.bookshelf":15,"stat.craftItem.flammpfeil.slashblade.slashbladesilverbamboolight":10,"stat.craftItem.minecraft.iron_axe":1,"stat.mineBlock.twilightforest.twilight_plant":4,"stat.killEntity.twilightforest.swarm_spider":6,"stat.killEntity.Blaze":15,"stat.mineBlock.minecraft.sandstone":11,"stat.craftItem.minecraft.ender_eye":4,"stat.useItem.minecraft.mutton":6,"stat.useItem.minecraft.planks":220,"stat.mineBlock.minecraft.web":4,"stat.pickup.minecraft.golden_boots":1,"stat.pickup.minecraft.glowstone_dust":311,"stat.pickup.minecraft.porkchop":6,"stat.useItem.flammpfeil.slashblade.slashbladewhite":255,"stat.breakItem.flammpfeil.slashblade.slashbladewhite":2,"stat.mineBlock.minecraft.red_mushroom":2,"stat.useItem.minecraft.water_bucket":7,"stat.pickup.minecraft.rotten_flesh":78,"stat.entityKilledBy.Spider":1,"stat.craftItem.minecraft.stone_axe":1,"stat.pickup.flammpfeil.slashblade.slashbladebamboolight":1,"stat.killEntity.twilightforest.raven":2,"stat.drop.flammpfeil.slashblade.slashbladewhite":1,"stat.killEntity.Enderman":10,"stat.mineBlock.minecraft.wooden_slab":1,"stat.pickup.minecraft.wooden_hoe":3,"stat.mineBlock.twilightforest.twilight_log":1,"stat.pickup.minecraft.brown_mushroom":3,"stat.killEntity.twilightforest.kobold":9,"stat.killEntity.Witch":1,"stat.craftItem.minecraft.wooden_hoe":1,"stat.mineBlock.openblocks.grave":5,"stat.useItem.minecraft.spider_eye":1,"stat.craftItem.minecraft.blaze_powder":4,"stat.useItem.minecraft.iron_pickaxe":792,"stat.drop.minecraft.diamond":1,"stat.pickup.minecraft.stained_hardened_clay":1,"stat.craftItem.minecraft.wooden_pickaxe":2,"stat.killEntity.twilightforest.bunny":4,"stat.killEntity.twilightforest.skeleton_druid":8,"stat.pickup.minecraft.ghast_tear":1,"stat.breakItem.flammpfeil.slashblade.slashbladenamed":1,"stat.craftItem.flammpfeil.slashblade.slashbladebamboolight":1,"stat.useItem.minecraft.oak_stairs":36,"stat.furnaceInteraction":136,"stat.killEntity.ZombieVillager":6,"stat.craftItem.twilightforest.naga_chestplate":1,"stat.useItem.flammpfeil.slashblade.slashbladenamed":435,"stat.pickup.minecraft.beef":9,"stat.useItem.minecraft.cooked_mutton":12,"stat.mineBlock.minecraft.stained_hardened_clay":1,"stat.pickup.twilightforest.twilight_scepter":1,"stat.useItem.minecraft.fence":2,"stat.pickup.minecraft.skull":1,"stat.drop.flammpfeil.slashblade.slashbladenamed":2,"stat.mineBlock.twilightforest.naga_stone":2,"stat.useItem.minecraft.flint_and_steel":3,"stat.mineBlock.minecraft.fence":2,"stat.useItem.minecraft.wheat_seeds":125,"stat.pickup.twilightforest.raven_feather":2,"stat.killEntity.twilightforest.naga":2,"stat.mineBlock.minecraft.soul_sand":8,"stat.useItem.minecraft.beef":1,"stat.mineBlock.minecraft.oak_stairs":6,"stat.deaths":5,"stat.pickup.minecraft.egg":19,"stat.playOneMinute":535477,"stat.pickup.flammpfeil.slashblade.slashbladewhite":1,"stat.pickup.minecraft.blaze_rod":8,"stat.mineBlock.minecraft.stone_pressure_plate":1,"stat.craftItem.minecraft.iron_pickaxe":5,"stat.drop.minecraft.torch":1,"stat.mineBlock.minecraft.tallgrass":291,"stat.pickup.minecraft.netherrack":106,"stat.craftItem.minecraft.cooked_mutton":12,"stat.chestOpened":430,"stat.craftItem.twilightforest.magic_map_empty":1,"stat.useItem.minecraft.stone":17,"stat.mineBlock.minecraft.netherrack":103,"stat.pickup.minecraft.arrow":143,"stat.killEntity.Ghast":1,"stat.killEntity.twilightforest.death_tome":4,"stat.drop.minecraft.flint":2,"stat.pickup.twilightforest.etched_nagastone":2,"stat.pickup.minecraft.gold_nugget":5,"stat.craftItem.minecraft.coal":28,"stat.drop.minecraft.iron_pickaxe":1,"stat.useItem.flammpfeil.slashblade.slashbladebamboolight":45,"stat.fallOneCm":173055,"stat.drop.minecraft.stone":9,"stat.pickup.minecraft.carrot":4,"stat.crouchOneCm":1102,"stat.craftItem.minecraft.iron_ingot":513,"stat.craftItem.minecraft.chest":7,"stat.pickup.minecraft.painting":2,"stat.pickup.minecraft.red_mushroom":4,"stat.craftingTableInteraction":112,"stat.pickup.minecraft.wooden_pickaxe":6,"stat.pickup.minecraft.feather":10,"stat.useItem.minecraft.reeds":10,"stat.craftItem.minecraft.wooden_sword":24,"stat.pickup.minecraft.dye":656,"stat.pickup.minecraft.planks":67,"stat.pickup.minecraft.wheat_seeds":220,"stat.mineBlock.minecraft.gravel":36,"stat.useItem.minecraft.stone_pickaxe":524,"stat.craftItem.minecraft.iron_leggings":1,"stat.craftItem.minecraft.oak_stairs":32,"stat.mineBlock.minecraft.dirt":670,"stat.pickup.twilightforest.trophy":5,"stat.useItem.minecraft.torch":480,"stat.craftItem.flammpfeil.slashblade.slashbladenamed":2,"stat.useItem.minecraft.bread":6,"stat.pickup.flammpfeil.slashblade.proudsoul":70,"stat.craftItem.twilightforest.magic_map_focus":1,"stat.drop.minecraft.rotten_flesh":2,"stat.pickup.minecraft.crafting_table":5,"stat.useItem.minecraft.log":6,"stat.useItem.minecraft.cobblestone":217,"stat.craftItem.minecraft.crafting_table":5,"stat.useItem.minecraft.gravel":2,"stat.mineBlock.minecraft.double_plant":19,"stat.pickup.minecraft.golden_hoe":1,"stat.killEntity.LavaSlime":8,"stat.pickup.minecraft.log":807,"stat.useItem.minecraft.cooked_fish":9,"stat.killEntity.twilightforest.squirrel":1,"stat.pickup.minecraft.iron_pickaxe":3,"stat.craftItem.minecraft.gold_ingot":105,"stat.pickup.minecraft.chicken":7,"stat.killEntity.twilightforest.hedge_spider":1,"stat.pickup.minecraft.sapling":345,"stat.pickup.minecraft.apple":55,"stat.mineBlock.twilightforest.twilight_leaves":3,"stat.mineBlock.twilightforest.firefly":4,"stat.craftItem.minecraft.bucket":1,"stat.craftItem.minecraft.planks":464,"stat.itemEnchanted":3,"stat.killEntity.WitherSkeleton":7,"stat.pickup.minecraft.stone_sword":1,"stat.useItem.minecraft.stonebrick":264,"stat.pickup.minecraft.book":210,"stat.mineBlock.minecraft.log":592,"stat.craftItem.minecraft.cooked_chicken":1,"stat.pickup.minecraft.iron_door":11,"stat.craftItem.minecraft.paper":12,"stat.pickup.minecraft.red_flower":18,"stat.sneakTime":1004,"stat.pickup.minecraft.wool":7,"stat.pickup.minecraft.rabbit":3,"stat.useItem.minecraft.wooden_axe":56,"stat.pickup.minecraft.yellow_flower":11,"stat.killEntity.twilightforest.lich":1,"stat.craftItem.minecraft.enchanting_table":1,"stat.drop.minecraft.stone_pickaxe":1,"stat.pickup.minecraft.bone":96,"stat.pickup.minecraft.stone_pressure_plate":1,"stat.useItem.flammpfeil.slashblade.slashblade":690,"stat.useItem.minecraft.iron_axe":175,"stat.mineBlock.minecraft.cobblestone":18,"stat.pickup.minecraft.stone_pickaxe":3,"stat.pickup.minecraft.flint":3,"stat.mineBlock.minecraft.yellow_flower":1,"stat.craftItem.minecraft.stone_brick_stairs":8,"stat.mineBlock.minecraft.brown_mushroom":2,"stat.craftItem.minecraft.wool":1,"stat.useItem.flammpfeil.slashblade.proudsoul":3,"stat.swimOneCm":176590,"stat.climbOneCm":3801,"stat.pickup.minecraft.cooked_porkchop":24,"stat.craftItem.flammpfeil.slashblade.slashbladewrapper":1,"stat.useItem.minecraft.obsidian":12,"stat.useItem.minecraft.dirt":208,"stat.useItem.minecraft.stone_slab2":111,"stat.pickup.minecraft.bow":7,"stat.craftItem.minecraft.furnace":1,"stat.useItem.minecraft.red_flower":7,"stat.craftItem.minecraft.lapis_block":4,"stat.craftItem.minecraft.iron_boots":1,"stat.pickup.minecraft.anvil":2,"stat.craftItem.minecraft.stone_pickaxe":3,"stat.craftItem.minecraft.cooked_beef":17,"stat.mineBlock.minecraft.obsidian":82,"stat.craftItem.flammpfeil.slashblade.proudsoul":11,"stat.pickup.minecraft.cobblestone":835,"stat.useItem.minecraft.stone_shovel":131,"stat.flyOneCm":1599995,"stat.pickup.minecraft.soul_sand":8,"stat.pickup.minecraft.sandstone":11,"stat.craftItem.minecraft.wooden_slab":12,"stat.useItem.minecraft.cooked_beef":16,"stat.pickup.minecraft.redstone":416,"stat.mineBlock.minecraft.iron_ore":641,"stat.timeSinceDeath":447440,"stat.pickup.twilightforest.twilight_sapling":2,"stat.useItem.minecraft.wooden_slab":7,"stat.pickup.minecraft.mutton":8,"stat.craftItem.minecraft.iron_block":5,"stat.craftItem.minecraft.stonebrick":198,"stat.pickup.minecraft.wooden_axe":2,"stat.pickup.minecraft.stonebrick":175,"stat.pickup.twilightforest.naga_scale":12,"stat.killEntity.Wolf":2,"stat.useItem.minecraft.cooked_porkchop":31,"stat.mineBlock.minecraft.coal_ore":788,"stat.drop.minecraft.wool":2,"stat.killEntity.Creeper":40,"stat.pickup.minecraft.string":43,"stat.mineBlock.minecraft.ladder":1,"stat.useItem.minecraft.milk_bucket":9,"stat.entityKilledBy.Skeleton":3,"stat.craftItem.minecraft.stone_slab2":0,"stat.killEntity.Squid":8,"stat.sprintOneCm":977445,"stat.pickup.minecraft.paper":36,"stat.craftItem.minecraft.stick":184,"stat.craftItem.minecraft.wooden_axe":1,"stat.craftItem.minecraft.stone":216,"stat.mineBlock.minecraft.diamond_ore":23,"stat.pickup.minecraft.grass":1,"stat.mineBlock.minecraft.crafting_table":2,"stat.useItem.minecraft.diamond_pickaxe":53,"stat.useItem.minecraft.carrot":1,"stat.useItem.minecraft.ender_eye":20,"stat.useItem.minecraft.bucket":8,"stat.killEntity.twilightforest.hostile_wolf":4,"stat.useItem.flammpfeil.slashblade.slashbladewood":1477,"stat.mineBlock.minecraft.planks":47,"stat.drop":24,"stat.pickup.flammpfeil.slashblade.slashbladewood":4,"stat.killEntity.Sheep":6,"stat.useItem.minecraft.ladder":1,"stat.pickup.minecraft.slime_ball":12,"stat.craftItem.minecraft.diamond_pickaxe":1,"stat.pickup.minecraft.golden_chestplate":1,"stat.killEntity.Zombie":74,"stat.mineBlock.minecraft.gold_ore":115,"stat.diveOneCm":64745,"stat.drop.minecraft.diamond_pickaxe":1,"stat.pickup.minecraft.wheat":111,"stat.craftItem.minecraft.ladder":3,"stat.pickup.minecraft.gravel":51,"stat.craftItem.minecraft.cooked_porkchop":36,"stat.killEntity.Slime":17,"stat.mineBlock.minecraft.anvil":2,"stat.pickup.minecraft.stone_axe":1,"stat.useItem.minecraft.apple":20,"stat.pickup.minecraft.obsidian":82,"stat.pickup.twilightforest.torchberries":4,"stat.useItem.minecraft.rotten_flesh":22,"stat.jump":6652,"stat.useItem.minecraft.wooden_hoe":23,"stat.pickup.minecraft.fence":5,"stat.pickup.minecraft.coal":1088,"stat.craftItem.flammpfeil.slashblade.slashbladewood":24,"stat.useItem.minecraft.stone_axe":55,"stat.pickup.minecraft.gunpowder":66,"stat.craftItem.minecraft.bread":3,"stat.pickup.minecraft.spider_eye":14,"stat.craftItem.minecraft.torch":600,"stat.pickup.minecraft.dirt":774,"stat.craftItem.minecraft.iron_helmet":1,"stat.drop.minecraft.bed":1,"stat.useItem.minecraft.cooked_chicken":1,"stat.pickup.minecraft.iron_ore":726,"stat.useItem.minecraft.sapling":1,"stat.pickup.minecraft.gold_ore":125,"stat.mineBlock.minecraft.lapis_ore":47,"stat.craftItem.minecraft.flint_and_steel":1,"stat.mineBlock.minecraft.glass_pane":2,"stat.damageTaken":7430,"stat.pickup.minecraft.leather":4,"stat.pickup.twilightforest.firefly":4,"stat.useItem.minecraft.stone_brick_stairs":7,"stat.mineBlock.minecraft.torch":32,"stat.mineBlock.minecraft.red_flower":9,"stat.pickup.minecraft.written_book":1,"stat.useItem.minecraft.wooden_pickaxe":29,"stat.mineBlock.minecraft.sapling":1,"stat.pickup.minecraft.ender_eye":17,"stat.craftItem.minecraft.glowstone":4,"stat.pickup.minecraft.reeds":65,"stat.pickup.minecraft.bed":1,"stat.pickup.minecraft.oak_stairs":6,"stat.pickup.minecraft.rabbit_hide":3,"stat.damageDealt":30917,"stat.sleepInBed":3,"stat.pickup.twilightforest.twilight_log":1,"stat.craftItem.minecraft.anvil":2,"stat.craftItem.flammpfeil.slashblade.slashbladewhite":2,"stat.killEntity.Silverfish":28,"stat.killEntity.Cow":3,"stat.killEntity.Pig":2,"stat.craftItem.minecraft.stone_shovel":1,"stat.walkOneCm":2415189,"stat.craftItem.flammpfeil.slashblade.slashblade":7,"stat.animalsBred":11,"stat.useItem.minecraft.chest":3,"stat.pickup.twilightforest.naga_stone":2,"stat.pickup.minecraft.stick":41,"stat.useItem.flammpfeil.slashblade.slashbladesilverbamboolight":176,"stat.useItem.minecraft.melon":2,"stat.pickup.openblocks.info_book":5,"stat.pickup.minecraft.stone":234,"stat.craftItem.minecraft.iron_chestplate":1,"stat.killEntity.twilightforest.deer":1,"stat.pickup.minecraft.ender_pearl":7,"stat.pickup.minecraft.ladder":7,"stat.useItem.minecraft.netherrack":60,"stat.killEntity.Skeleton":72,"stat.craftItem.minecraft.bookshelf":17,"stat.mineBlock.minecraft.stonebrick":111,"stat.killEntity.Chicken":7,"stat.killEntity.Spider":30,"stat.mineBlock.minecraft.quartz_ore":105,"stat.mineBlock.minecraft.glowstone":85,"stat.pickup.twilightforest.raw_venison":3,"stat.mobKills":400,"stat.mineBlock.minecraft.bookshelf":64,"stat.pickup.minecraft.quartz":112,"stat.craftItem.minecraft.fence":6,"stat.pickup.minecraft.diamond":42,"stat.mineBlock.minecraft.leaves":5640,"stat.pickup.minecraft.torch":293,"stat.mineBlock.minecraft.redstone_ore":53,"stat.craftItem.minecraft.coal_block":4,"stat.killEntity.twilightforest.wild_boar":1,"stat.mineBlock.minecraft.stone":903}