{"stat.chestOpened":35,"stat.pickup.minecraft.bone":12,"stat.pickup.storagebox.storagebox":38,"stat.useItem.minecraft.iron_axe":1,"stat.leaveGame":3,"stat.pickup.minecraft.arrow":3,"stat.mineBlock.minecraft.cobblestone":1,"stat.pickup.minecraft.stone_pickaxe":2,"stat.pickup.minecraft.stone_axe":5,"stat.useItem.storagebox.storagebox":1554,"stat.mineBlock.minecraft.yellow_flower":1,"stat.useItem.minecraft.apple":27,"stat.jump":938,"stat.swimOneCm":5396,"stat.pickup.minecraft.coal":111,"stat.fallOneCm":19027,"stat.useItem.minecraft.stone_axe":157,"stat.pickup.minecraft.porkchop":8,"stat.crouchOneCm":14262,"stat.pickup.minecraft.spider_eye":3,"stat.craftItem.minecraft.chest":16,"stat.pickup.minecraft.dirt":1250,"stat.useItem.minecraft.dirt":61,"stat.useItem.minecraft.stone_slab2":15,"stat.craftingTableInteraction":13,"stat.pickup.minecraft.iron_ore":2,"stat.pickup.minecraft.rotten_flesh":13,"stat.pickup.minecraft.stone_shovel":8,"stat.pickup.minecraft.iron_axe":30,"stat.craftItem.minecraft.stone_axe":1,"stat.damageTaken":1813,"stat.drop.minecraft.bone":2,"stat.craftItem.minecraft.stone_pickaxe":1,"stat.mineBlock.minecraft.red_flower":1,"stat.useItem.minecraft.wooden_pickaxe":6,"stat.pickup.minecraft.cobblestone":130,"stat.pickup.minecraft.planks":53,"stat.useItem.minecraft.stone_shovel":583,"stat.craftItem.minecraft.stone_sword":1,"stat.flyOneCm":78721,"stat.pickup.minecraft.bed":1,"stat.pickup.minecraft.wheat_seeds":79,"stat.entityKilledBy.Zombie":2,"stat.useItem.minecraft.stone_pickaxe":131,"stat.useItem.minecraft.cooked_beef":1,"stat.useItem.minecraft.stone_sword":100,"stat.damageDealt":2886,"stat.mineBlock.openblocks.grave":4,"stat.mineBlock.minecraft.iron_ore":2,"stat.sleepInBed":8,"stat.timeSinceDeath":37056,"stat.mineBlock.minecraft.dirt":7961,"stat.useItem.minecraft.iron_pickaxe":750,"stat.craftItem.minecraft.wooden_pickaxe":1,"stat.killEntity.Pig":4,"stat.craftItem.minecraft.stone_shovel":21,"stat.drop.storagebox.storagebox":1,"stat.walkOneCm":565038,"stat.useItem.minecraft.torch":3,"stat.pickup.minecraft.stick":271,"stat.pickup.minecraft.diamond_pickaxe":1,"stat.drop.minecraft.rotten_flesh":2,"stat.pickup.minecraft.crafting_table":5,"stat.craftItem.minecraft.crafting_table":1,"stat.mineBlock.minecraft.double_plant":1,"stat.mineBlock.minecraft.coal_ore":65,"stat.drop.openblocks.info_book":3,"stat.pickup.minecraft.log":208,"stat.pickup.minecraft.string":2,"stat.pickup.minecraft.iron_pickaxe":8,"stat.pickup.openblocks.info_book":2,"stat.entityKilledBy.Skeleton":1,"stat.pickup.minecraft.stone":1100,"stat.pickup.minecraft.chicken":1,"stat.pickup.minecraft.sapling":91,"stat.sprintOneCm":269464,"stat.pickup.minecraft.apple":10,"stat.pickup.minecraft.cooked_beef":4,"stat.craftItem.storagebox.storagebox":2,"stat.craftItem.minecraft.stick":8,"stat.killEntity.Skeleton":3,"stat.craftItem.minecraft.planks":276,"stat.killEntity.Chicken":1,"stat.mineBlock.minecraft.crafting_table":1,"stat.killEntity.Spider":2,"stat.pickup.minecraft.stone_sword":4,"stat.useItem.minecraft.diamond_pickaxe":997,"stat.mobKills":19,"stat.mineBlock.minecraft.log":911,"stat.deaths":4,"stat.drop":9,"stat.mineBlock.minecraft.leaves":9977,"stat.pickup.minecraft.egg":11,"stat.playOneMinute":144663,"stat.pickup.minecraft.torch":13,"stat.pickup.minecraft.red_flower":71,"stat.sneakTime":5813,"stat.killEntity.Zombie":10,"stat.drop.minecraft.yellow_flower":1,"stat.pickup.minecraft.yellow_flower":26,"stat.mineBlock.minecraft.stone":2656,"stat.mineBlock.minecraft.tallgrass":89,"stat.diveOneCm":2335}