{"stat.useItem.minecraft.bow":151,"stat.pickup.minecraft.bone":51,"stat.mineBlock.minecraft.acacia_stairs":3,"stat.useItem.flammpfeil.slashblade.slashblade":88,"stat.useItem.minecraft.iron_axe":469,"stat.leaveGame":13,"stat.mineBlock.minecraft.cobblestone":1,"stat.mineBlock.minecraft.pumpkin":13,"stat.pickup.minecraft.stone_pickaxe":3,"stat.pickup.minecraft.flint":75,"stat.mineBlock.minecraft.yellow_flower":1,"stat.craftItem.flammpfeil.slashblade.slashbladesilverbamboolight":5,"stat.craftItem.minecraft.iron_axe":3,"stat.mineBlock.minecraft.acacia_fence":1,"stat.mineBlock.minecraft.sandstone":1,"stat.swimOneCm":59772,"stat.climbOneCm":605,"stat.pickup.minecraft.glowstone_dust":39,"stat.pickup.minecraft.porkchop":124,"stat.useItem.flammpfeil.slashblade.slashbladewhite":113,"stat.breakItem.flammpfeil.slashblade.slashbladewhite":2,"stat.craftItem.minecraft.arrow":20,"stat.useItem.minecraft.dirt":982,"stat.useItem.minecraft.stone_slab2":81,"stat.pickup.minecraft.bow":4,"stat.pickup.minecraft.iron_boots":1,"stat.useItem.minecraft.water_bucket":22,"stat.pickup.minecraft.rotten_flesh":63,"stat.pickup.minecraft.sand":2,"stat.craftItem.minecraft.furnace":3,"stat.craftItem.minecraft.lapis_block":1,"stat.entityKilledBy.Spider":1,"stat.craftItem.minecraft.stone_axe":1,"stat.craftItem.minecraft.iron_boots":1,"stat.pickup.minecraft.coal_ore":9,"stat.craftItem.minecraft.stone_pickaxe":2,"stat.craftItem.minecraft.cooked_beef":2,"stat.killEntity.Enderman":1,"stat.craftItem.flammpfeil.slashblade.proudsoul":31,"stat.pickup.minecraft.cobblestone":440,"stat.mineBlock.minecraft.carpet":1,"stat.craftItem.minecraft.bow":1,"stat.useItem.minecraft.stone_shovel":261,"stat.flyOneCm":787113,"stat.pickup.minecraft.glass_bottle":1,"stat.pickup.minecraft.sandstone":1,"stat.pickup.minecraft.brown_mushroom":1,"stat.mineBlock.minecraft.sand":1,"stat.killEntity.Witch":1,"stat.mineBlock.openblocks.grave":3,"stat.pickup.minecraft.redstone":265,"stat.mineBlock.minecraft.iron_ore":428,"stat.timeSinceDeath":159048,"stat.pickup.twilightforest.cicada":2,"stat.useItem.minecraft.sign":2,"stat.useItem.minecraft.iron_pickaxe":429,"stat.pickup.minecraft.mutton":2,"stat.craftItem.flammpfeil.slashblade.slashbladebamboolight":9,"stat.pickup.minecraft.stonebrick":4,"stat.furnaceInteraction":66,"stat.useItem.minecraft.cooked_porkchop":15,"stat.pickup.minecraft.carpet":1,"stat.killEntity.ZombieVillager":1,"stat.mineBlock.minecraft.coal_ore":895,"stat.killEntity.Creeper":10,"stat.talkedToVillager":55,"stat.drop.openblocks.info_book":1,"stat.pickup.minecraft.string":24,"stat.pickup.minecraft.beef":78,"stat.entityKilledBy.Skeleton":1,"stat.craftItem.minecraft.stone_slab2":0,"stat.sprintOneCm":456497,"stat.pickup.minecraft.iron_chestplate":2,"stat.useItem.minecraft.fence":51,"stat.craftItem.minecraft.stick":334,"stat.drop.flammpfeil.slashblade.slashbladenamed":1,"stat.mineBlock.minecraft.diamond_ore":15,"stat.mineBlock.minecraft.fence":12,"stat.useItem.minecraft.wheat_seeds":375,"stat.pickup.twilightforest.raven_feather":1,"stat.pickup.minecraft.acacia_stairs":3,"stat.useItem.minecraft.carrot":104,"stat.useItem.minecraft.dye":327,"stat.useItem.minecraft.bucket":22,"stat.entityKilledBy.Creeper":1,"stat.useItem.flammpfeil.slashblade.slashbladewood":399,"stat.breakItem.flammpfeil.slashblade.slashblade":1,"stat.deaths":4,"stat.mineBlock.minecraft.planks":5,"stat.drop":3,"stat.pickup.minecraft.egg":13,"stat.craftItem.minecraft.melon_seeds":2,"stat.pickup.flammpfeil.slashblade.slashbladewood":4,"stat.playOneMinute":380838,"stat.craftItem.minecraft.iron_pickaxe":2,"stat.pickup.minecraft.slime_ball":2,"stat.craftItem.minecraft.emerald":7,"stat.useItem.minecraft.melon_seeds":1,"stat.killEntity.Zombie":47,"stat.craftItem.minecraft.dye":333,"stat.mineBlock.minecraft.gold_ore":64,"stat.mineBlock.minecraft.tallgrass":408,"stat.diveOneCm":27549,"stat.pickup.minecraft.wheat":270,"stat.chestOpened":497,"stat.pickup.minecraft.pumpkin":13,"stat.craftItem.minecraft.sign":3,"stat.pickup.minecraft.sign":1,"stat.useItem.minecraft.stone":245,"stat.craftItem.minecraft.carpet":3,"stat.pickup.minecraft.gravel":1,"stat.pickup.minecraft.arrow":64,"stat.craftItem.minecraft.cooked_porkchop":18,"stat.pickup.minecraft.stone_axe":2,"stat.useItem.minecraft.apple":20,"stat.useItem.minecraft.porkchop":1,"stat.pickup.minecraft.gold_nugget":45,"stat.useItem.minecraft.carpet":3,"stat.pickup.twilightforest.torchberries":1,"stat.useItem.minecraft.rotten_flesh":11,"stat.craftItem.minecraft.iron_hoe":3,"stat.jump":5083,"stat.pickup.minecraft.fence":13,"stat.useItem.minecraft.wooden_hoe":36,"stat.pickup.minecraft.coal":920,"stat.pickup.minecraft.iron_helmet":1,"stat.fallOneCm":72473,"stat.pickup.minecraft.iron_ingot":1,"stat.craftItem.flammpfeil.slashblade.slashbladewood":12,"stat.pickup.minecraft.carrot":312,"stat.useItem.minecraft.stone_axe":113,"stat.pickup.minecraft.gunpowder":15,"stat.craftItem.minecraft.bread":54,"stat.crouchOneCm":15641,"stat.pickup.minecraft.spider_eye":7,"stat.craftItem.minecraft.torch":492,"stat.pickup.minecraft.dirt":2009,"stat.craftItem.minecraft.iron_helmet":1,"stat.pickup.minecraft.painting":1,"stat.pickup.minecraft.red_mushroom":1,"stat.useItem.minecraft.iron_hoe":205,"stat.craftingTableInteraction":51,"stat.pickup.minecraft.iron_ore":427,"stat.pickup.minecraft.gold_ore":64,"stat.useItem.minecraft.sapling":130,"stat.mineBlock.minecraft.lapis_ore":17,"stat.mineBlock.minecraft.log2":126,"stat.damageTaken":4298,"stat.pickup.minecraft.leather":52,"stat.pickup.minecraft.feather":25,"stat.pickup.twilightforest.firefly":1,"stat.mineBlock.minecraft.red_flower":6,"stat.mineBlock.minecraft.torch":18,"stat.useItem.minecraft.furnace":1,"stat.useItem.minecraft.wooden_pickaxe":50,"stat.useItem.minecraft.reeds":1,"stat.tradedWithVillager":7,"stat.craftItem.minecraft.wooden_sword":12,"stat.pickup.twilightforest.canopy_planks":14,"stat.pickup.minecraft.log2":126,"stat.pickup.minecraft.dye":104,"stat.pickup.minecraft.planks":6,"stat.pickup.minecraft.reeds":19,"stat.pickup.minecraft.iron_leggings":1,"stat.pickup.minecraft.bed":3,"stat.pickup.minecraft.wheat_seeds":632,"stat.pickup.minecraft.potato":85,"stat.mineBlock.minecraft.gravel":1,"stat.useItem.minecraft.stone_pickaxe":148,"stat.craftItem.minecraft.iron_leggings":1,"stat.useItem.minecraft.stone_sword":26,"stat.damageDealt":20892,"stat.sleepInBed":5,"stat.craftItem.flammpfeil.slashblade.slashbladewhite":3,"stat.killEntity.Cow":40,"stat.mineBlock.minecraft.dirt":1896,"stat.killEntity.Pig":52,"stat.walkOneCm":2332938,"stat.useItem.minecraft.torch":497,"stat.useItem.minecraft.bread":37,"stat.animalsBred":30,"stat.useItem.minecraft.chest":2,"stat.pickup.flammpfeil.slashblade.proudsoul":14,"stat.pickup.minecraft.stick":55,"stat.pickup.minecraft.crafting_table":1,"stat.useItem.flammpfeil.slashblade.slashbladesilverbamboolight":135,"stat.useItem.minecraft.cobblestone":2,"stat.mineBlock.minecraft.double_plant":11,"stat.pickup.minecraft.log":311,"stat.pickup.openblocks.info_book":1,"stat.pickup.minecraft.stone":2350,"stat.craftItem.minecraft.iron_chestplate":1,"stat.pickup.minecraft.chicken":29,"stat.pickup.minecraft.ender_pearl":3,"stat.pickup.minecraft.sapling":216,"stat.pickup.minecraft.apple":46,"stat.pickup.minecraft.gold_ingot":1,"stat.killEntity.Skeleton":35,"stat.pickup.minecraft.beetroot":3,"stat.craftItem.minecraft.bucket":2,"stat.craftItem.minecraft.planks":312,"stat.killEntity.Chicken":29,"stat.killEntity.Spider":20,"stat.mobKills":253,"stat.pickup.minecraft.book":84,"stat.mineBlock.minecraft.log":329,"stat.mineBlock.minecraft.bookshelf":28,"stat.pickup.minecraft.quartz":106,"stat.pickup.minecraft.golden_sword":1,"stat.craftItem.minecraft.fence":78,"stat.pickup.minecraft.diamond":15,"stat.mineBlock.minecraft.leaves":2644,"stat.pickup.minecraft.beetroot_seeds":18,"stat.pickup.minecraft.torch":279,"stat.pickup.minecraft.red_flower":5,"stat.mineBlock.minecraft.redstone_ore":60,"stat.sneakTime":5289,"stat.pickup.minecraft.wool":10,"stat.craftItem.minecraft.coal_block":1,"stat.drop.minecraft.stone_axe":1,"stat.pickup.minecraft.yellow_flower":7,"stat.mineBlock.minecraft.stone":3440,"stat.pickup.minecraft.chest":1}